s00000024248002,https://jpcampus.net/guide/part-time-delivery-jobs
s00000024248002,https://jpcampus.net/guide/part-time-delivery-jobs?lang=en
s00000024248002,https://jpcampus.net/guide/part-time-restrictions
s00000024248002,https://jpcampus.net/guide/part-time-restrictions?lang=en
s00000024248002,https://jpcampus.net/guide/student-discounts
s00000024248002,https://jpcampus.net/guide/student-discounts?lang=en
s00000024248002,https://jpcampus.net/guide/urban-lifestyle-tokyo-schools
s00000024248002,https://jpcampus.net/guide/urban-lifestyle-tokyo-schools?lang=en
s00000024248002,https://jpcampus.net/school/school_unitas-japanese-language-school-tokyo-campus
s00000024248002,https://jpcampus.net/school/school_unitas-japanese-language-school-tokyo-campus?lang=en
s00000024248002,https://jpcampus.net/school/school_waseda-edu-japanese-language-school
s00000024248002,https://jpcampus.net/school/school_waseda-edu-japanese-language-school?lang=en
s00000024248002,https://jpcampus.net/school/school_waseda-gaigo-senmon-gakko-tokyo
s00000024248002,https://jpcampus.net/school/school_waseda-gaigo-senmon-gakko-tokyo?lang=en
s00000024248002,https://jpcampus.net/school/school_waseda-language-academy
s00000024248002,https://jpcampus.net/school/school_waseda-language-academy?lang=en
s00000024248002,https://jpcampus.net/school/school_yoshida-japanese-language-academy
s00000024248002,https://jpcampus.net/school/school_yoshida-japanese-language-academy?lang=en
s00000024248002,https://jpcampus.net/stay/shin_okubo_monthly
s00000024248002,https://jpcampus.net/stay/shin_okubo_monthly?lang=en
